INSERT INTO users(id, email, full_name, password, username)
VALUES
    (1, '11@123', 'User Userov', '6cf1643832d3199650e5b751fd97473490bc6dd4aa9343d9bfa23ba9ceb2e24d71360d42d571a2cabdbcec584bbda490', 'user'),
    (2, '11@123', 'Admin Adminov', '6cf1643832d3199650e5b751fd97473490bc6dd4aa9343d9bfa23ba9ceb2e24d71360d42d571a2cabdbcec584bbda490', 'admin'),
    (3, '11@123', 'Petar petrov', '6cf1643832d3199650e5b751fd97473490bc6dd4aa9343d9bfa23ba9ceb2e24d71360d42d571a2cabdbcec584bbda490', 'pesho');

INSERT INTO roles(id, role_type) VALUES
    (1, 'USER'),
    (2, 'ADMIN');

INSERT INTO users_roles(user_id, roles_id) VALUES
    (1, 1),
    (2, 2),
    (3, 1);

INSERT INTO blog(id, description, title, user_id) VALUES
    (1, 'Създаването на нови семейни
традиции е чудесен начин да укрепим връзките между членовете на семейството и да създадете спомени,
които ще се предават на бъдещите поколения. Това може да стане с месечни вечери, където се играят различни
игри за опознаване и забавление. Още със семейни походи, които не само ще ни опознаят, но и ще насърчим
здравословния живот. Интересно ще е ако се направи семейна книга на спомените и не на последно място
да започнем всяка пролет да засаждаме по едно дърво или цвете. Коментирайте какво мислите и дайте още идеи :)', 'Как да създадем нови семейни традиции?', 2),
    (2, 'Семейните ритуали играят ключова роля в изграждането на силни и устойчиви семейни връзки. Те представляват повтарящи се практики или обичаи, които семейството спазва, и често са свързани с важни моменти, празници или ежедневни дейности. Въпреки че ритуалите могат да изглеждат като малки и незначителни действия, тяхното значение е дълбоко и многопластово. Семейните ритуали са важни, защото се подсилва връзката между членовете на семейството, където се дава възможност на семейството на комуникира. Също така чрез ритуалите се предават ценности и традиции, които спомагат за предаването от едно поколение на друго. Семейните ритуали играят важна роля в създаването и запазването на семейната история и идентичност. Те предоставят контекст, в който семейството може да разгледа и да си спомни своето минало. И е на последно място ритуалите оставят трайни и незабравими спомени, които членовете на семейството ще пазят през целия си живот. Как смятате съгласни ли сте или не?
', 'Значението на семейните ритуали и как те ни обединяват?', 2),
    (3, 'В семейните рецепти се крие нещо повече от обикновена храна – те носят със себе си спомени, истории и усещане за принадлежност. Тези рецепти са били част от празници, семейни събирания и ежедневни моменти, и са предавани от поколение на поколение, запазвайки вкусовете и традициите на нашите предци. Но как да съхраняваме традиционните рецепти? Един от най-добрите начини е да се създаде семейна готварска книга. В днешния дигитален свят е лесно да се съхраняват рецепти онлайн. Можете да се създаде дигитален архив на семейните рецепти, който да се споделя с всички членове на семейството. За да запазим автентичността на приготвянето на ястията, можете да се заснеме видеоклипове, в които по-възрастните членове на семейството приготвят рецептите и дават съвети и указания. Напишете долу в коментарите ваши традиционни рецепти. :)',
     'Семейните готварски рецепти', 2);
INSERT INTO gallery(id, url, user_id) VALUES
    (1, '1b656e54-b3eb-481f-8e6f-fc5a9a69bce9.jpg', 2),
    (2, '1f0248d4-a708-41d1-910b-9a9be4badc08.jpg', 3),
    (3, '37cafd9f-3965-439c-9073-ff3d1d26fb02.jpg', 1),
    (4, '6148322b-3d31-4cd0-b578-a818288a3c38.jpg', 2),
    (5, '6c408ff1-f3d9-4d33-84d9-703e26445701.jpg', 1),
    (6, '733a6609-3774-4f62-9560-e2954afcdbbc.jpg', 2),
    (7, '940cd75c-6bf9-4b34-af93-982597723bab.jpg', 3),
    (8, 'e1509a9c-8c5e-4bef-b558-095c71a8aab3.jpg', 1),
    (9, 'e394d884-83d0-40f2-9173-7efa4026f5a8.jpg', 2),
    (10, 'e6e9adaa-2027-45d2-88f4-14ee7819c4e4.jpg', 3);
INSERT INTO achievments(id, description, title) VALUES
    (1, 'Братята Стоян и Апостол Денишеви доказаха своята изключителна класа на републиканското първенство по борба, като завоюваха второ и трето място в своите категории. Техният успех не е случаен, а резултат от години на упорит труд, отдаденост и неотклонна дисциплина. От ранна възраст, те са посветили своя живот на спорта, изминавайки дълъг и труден път, за да стигнат до върха на българската борба.

По време на състезанието братята показаха не само физическа сила, но и тактическа зрялост, която им позволи да се справят с всяко предизвикателство на тепиха. Те се изправиха срещу някои от най-опитните и подготвени съперници, демонстрирайки изключително владеене на техниките и способността да запазят хладнокръвие в решаващите моменти. Въпреки напрежението и голямата конкуренция, те успяха да покажат защо са считани за едни от най-перспективните млади таланти в българската борба.

Завоюваните второ и трето място са не само лично постижение за братята Денишеви, но и важен момент за техния клуб и за българската борба като цяло. Техните успехи служат като вдъхновение за младите спортисти, показвайки, че с постоянство, усилени тренировки и непоколебима вяра в себе си могат да се постигнат забележителни резултати.

Тези медали не са само награда за тяхното старание и усилия, но и символ на духа, който ги обединява и ги тласка напред. Те са пример за това как братската връзка, подкрепата и взаимното доверие могат да бъдат ключови фактори за успеха в спорта. С този значим резултат на републиканското първенство братята Стоян и Апостол Денишеви утвърдиха своето място сред най-добрите в страната, доказвайки, че тяхното бъдеще в борбата е изпълнено с обещания за още много успехи.',
     'Борците на рода - Апостол и Стоян Денишеви!'),
    (2, 'Георги Денишев е амбициозен ученик, който вече се откроява с постиженията си и стремежа към високи цели. На своята възраст той вече е достигнал Silver Level, което показва отдадеността му към обучението и желанието му постоянно да се усъвършенства. Георги не просто се справя добре в училище – той се стреми към върхови резултати във всичко, с което се захване. От ранна възраст Георги проявява особен интерес към стоматологията. Този интерес бързо се превръща в страст, която го мотивира да изучава науките, свързани с медицината и здравето. Старателно учи биология и химия, разбирайки, че тези предмети са основата за бъдещата му кариера като зъболекар. Неговите учители често го описват като ученик, който не се задоволява само с учебния материал – той търси допълнителна информация, за да задълбочи знанията си и да бъде подготвен за бъдещето. Георги е известен с това, че подхожда към всяка задача с изключителна прецизност и внимание към детайлите – качества, които са от решаващо значение за един бъдещ зъболекар. Той често участва в извънкласни дейности, свързани с медицината, и не пропуска възможността да присъства на лекции или семинари, които могат да обогатят познанията му в областта. Всички тези усилия са насочени към една основна цел – да стане отличен специалист, който да помага на хората да поддържат здравето си. С подкрепата на семейството и учителите си, Георги е уверен, че ще постигне мечтата си да стане зъболекар. Той разбира, че пътят пред него изисква много усилия и постоянство, но вярва, че с труд и отдаденост всичко е възможно. Георги Денишев е пример за млад човек, който знае какво иска от живота и е готов да направи всичко необходимо, за да го постигне. Бъдещето му в стоматологията изглежда светло и изпълнено с възможности.',
     'Георги Денишев - отдаден към учението'),
    (3, 'Борис Костов е само на 7 години, но вече привлича вниманието с изключителните си умения като вратар в отбора на Беласица. Още от първия ден, когато стъпи на футболното игрище, той показа природен талант и силна страст към футбола. За разлика от много свои връстници, които все още се учат на основните техники на играта, Борис вече демонстрира изключителни рефлекси, смелост и способност да чете играта, което го прави ценен член на отбора си. На тренировките Борис е сред най-дисциплинираните и усърдни играчи. Всяка седмица той не само изпълнява поставените му задачи, но и полага допълнителни усилия, за да подобри техниката си. Треньорите му го хвалят за сериозното отношение към играта и за готовността му да се учи. Те забелязват, че дори на такава млада възраст Борис разбира значението на концентрацията и отдадеността. За него футболът е повече от хоби – това е неговата голяма страст и нещо, което го вдъхновява ежедневно. Освен с физическите си качества, Борис впечатлява и със зрялото си поведение на терена. Той е спокоен и уверен, дори когато напрежението е голямо. Често окуражава съотборниците си и ги мотивира да дадат най-доброто от себе си, дори когато играта не върви по план. Със своята комуникация и лидерски умения, Борис вече се утвърждава като естествен лидер, което е рядко срещано за дете на неговата възраст. Тези качества го правят не само добър вратар, но и съществен елемент в сплотяването на отбора. Борис има големи мечти за бъдещето си във футбола. Той често говори за това как иска да играе за националния отбор и да защитава цветовете на България на големите международни сцени. Всяка победа и всяка добра игра са стъпка по пътя към тези мечти. Семейството му го подкрепя безрезервно, осъзнавайки, че той има потенциала да постигне големи успехи, ако продължи да работи усърдно и да се развива. Родителите му често споделят, че за тях най-важното е Борис да бъде щастлив и да продължи да обича футбола с всяко сърце.',
     'Борис Христов - малкия вратар на "Беласица"'),
    (4, 'Розали Денишева е младо момиче с изключителен талант и харизма, която успя да завладее сърцата на публиката и журито на престижното шоу Scoutabout 2024. Тя стана финалист в този национален конкурс за таланти, доказвайки, че с упоритост и страст може да достигне върхови постижения. От малка Розали е вдъхновена от света на изкуствата и се изявява на сцена с увереност и усет, които далеч надхвърлят възрастта ѝ. Независимо дали пее, танцува или изпълнява актьорски монолози, тя успява да предаде емоции и да впечатли аудиторията с уникалния си стил. По време на Scoutabout 2024 Розали блесна със своето изпълнение, което остави трайна следа в съзнанието на зрителите и журито. Пътят до финала на шоуто не беше лесен, но Розали показа изключителна решителност и трудолюбие. Тя посвети безброй часове на репетиции, усъвършенствайки всяка подробност от изпълненията си. Нейната отдаденост и желание да бъде най-добра във всичко, с което се захване, я превърнаха в една от най-запомнящите се участнички в конкурса. С подкрепата на семейството и приятелите си, Розали продължава да се развива като артист. Финалното ѝ участие в Scoutabout 2024 е само началото на обещаваща кариера в света на изкуствата. Нейният успех вдъхновява много млади хора, показвайки им, че мечтите се постигат с упоритост, талант и вяра в собствените възможности. Розали Денишева със сигурност ще продължи да бъде звезда на сцената и да покорява нови върхове в бъдеще.',
     'Розали Денишева - скаут с храбро сърце'),
    (5, 'Дарин Петков е младо момче, което вече се откроява с изключителните си умствени способности и постижения в различни области. Въпреки възрастта си, той може да се похвали с множество сертификати, които отразяват широките му интереси и постоянната му жажда за знания. Независимо дали става дума за наука, технологии или езикови умения, Дарин винаги е сред най-добрите и показва впечатляващи резултати. Дарин има естествено любопитство, което го кара непрекъснато да търси нови предизвикателства и възможности за развитие. Той активно участва в различни курсове и програми, които му помагат да разшири знанията си и да придобие нови умения. Неговите сертификати не са просто листове хартия – те са доказателство за усърдието му и стремежа му да бъде в крак с най-новите тенденции и технологии. Една от най-впечатляващите черти на Дарин е способността му бързо да усвоява нова информация и да я прилага на практика. Учителите и менторите му често го описват като изключително талантлив и отдаден на своето развитие ученик. Той не се страхува да поема нови предизвикателства и винаги търси начини да усъвършенства уменията си, като същевременно споделя знанията си с връстниците си и ги вдъхновява да постигат повече. Семейството и приятелите на Дарин го подкрепят в неговия стремеж към знание, вярвайки, че пред него стоят светли перспективи. Независимо дали става дума за академични постижения или участие в извънкласни дейности, Дарин винаги се отличава с упоритост и желание да бъде най-добър във всичко, с което се захване. Със своята интелигентност и амбиция, той е на път да изгради блестящо бъдеще, което ще бъде изпълнено с нови успехи и признания.',
     'Дарин Петков - малко дете с голям ум'),
    (6, 'Ивайла Бухлева е ученичка, която притежава изключителен вкус към литературата и умение да се потапя в света на книгите. От малка тя е запленена от силата на думите и историите, които те могат да разкажат. Любовта ѝ към литературата се проявява не само в четенето, но и в начина, по който изразява своите мисли и чувства, било то в писмен вид или в дискусии със съучениците си. Ивайла е ученичка, която се отличава с критично мислене и умение да анализира текстовете, които чете. В часовете по литература тя винаги е сред първите, които предлагат свои интерпретации и нови гледни точки. Учителите ѝ често я хвалят за нейната дълбока проницателност и способността ѝ да вижда под повърхността на сюжета. Независимо дали става дума за класически произведения или съвременни автори, Ивайла винаги намира нещо, което да я вдъхнови и предизвика. Любовта на Ивайла към литературата не се ограничава само до учебния материал. Тя често се занимава с писане на собствени разкази и есета, като изразява себе си чрез богатия си речник и умението да създава живи и запомнящи се образи. За нея писането е не само хоби, но и начин да споделя мислите и идеите си с другите, като същевременно изследва нови теми и концепции. Със своята страст към литературата и таланта си да пише, Ивайла има всички качества да се развие като изключителен литературен талант. Тя мечтае един ден да стане писателка или литературен критик, за да може да продължи да се занимава с това, което най-много обича. Независимо от бъдещите ѝ планове, ясно е, че литературата ще заема важно място в живота ѝ и ще продължи да бъде източник на вдъхновение и радост.',
     'Ивайла Бухлева - малкия литератор'),
    (7, 'Ани Паункова е талантлива млада писателка, която още от ранна възраст открива своята страст към писането. Нейната любов към думите и способността ѝ да изразява мислите си чрез тях я правят изключително успешна в литературния свят. С всяка нова творба, Ани доказва, че писането е нейното призвание, и това не остава незабелязано. През годините, Ани е участвала в множество литературни конкурси и фестивали, където нейните произведения са били високо оценени както от жури, така и от публиката. Наградите, които е спечелила, са не само признание за нейния талант, но и стимул да продължава да развива уменията си. От поетични творби до кратки разкази и есета, Ани демонстрира разнообразие и дълбочина в писането, което я отличава от нейните връстници. Вдъхновението за своите творби Ани черпи от заобикалящия я свят, от хората, които среща, и от собствените си преживявания. Тя умее да преобразува ежедневието в поезия и да намира красотата в най-обикновените неща. Нейните произведения често се отличават със силни емоции, дълбоки послания и оригинален стил. Ани Паункова продължава да покорява нови върхове в литературното поле, доказвайки, че с талант и упоритост може да се постигне много. Тя е пример за младите писатели, които тепърва започват своя път, и вдъхновение за всички, които вярват в силата на словото.',
     'Ани Паункова - големия литератор'),
    (8, 'Ванеса Илиева, блестяща млада програмистка, завоюва престижното пето място на състезанието по информатика и информационни технологии „Аз мога тук и сега“, където участваха 100 от най-добрите млади таланти в страната. Това постижение е резултат от години на усърден труд, самообучение и истинска страст към технологиите. Състезанието „Аз мога тук и сега“ е известно с изключително високото си ниво и предизвикателните задачи, които изискват не само задълбочени знания по програмиране, но и креативност, логическо мислене и бързина при вземане на решения. Ванеса успя да впечатли журито със своите умения, като се справи успешно със сложните задачи и показа оригинални решения, които я изведоха сред най-добрите участници. Нейният успех на това престижно състезание е свидетелство за изключителния ѝ потенциал в областта на информационните технологии. Постигането на пето място сред толкова силна конкуренция е голямо признание за Ванеса и нейното усърдие. Тя не само се утвърди като изключително способна програмистка, но и показа, че е готова да продължи да се развива и да постигне още по-големи успехи в бъдеще. Това състезание е само началото на нейния път в света на технологиите, където със сигурност ще продължи да блести с постиженията си. Ванеса е пример за младите хора, които се стремят към успех и иновации в динамичния и вълнуващ свят на информатиката.',
     'Ванеса Илиева - IT детето'),
    (9, 'Илиан и Ивайло Денишеви са двама братя, които се изявяват като едни от най-талантливите и успешни състезатели в мотоциклетния спорт. Със своята страст към високите скорости и адреналина, те са успели да завоюват множество награди и да се утвърдят като едни от водещите имена в света на моторните спортове. Още от ранна възраст, братята Денишеви са привлечени от мощните машини и динамиката на състезанията. Те бързо усвояват тънкостите на спорта, развивайки уменията си с всяко състезание. Техният талант и неуморим стремеж към съвършенство им позволяват да се изкачат на почетните стълбички на различни състезания, както в България, така и на международната сцена. Илиан и Ивайло не само се отличават с невероятна техника и умение да контролират моторите си в най-екстремни условия, но и със силен спортен дух и непоколебимост в преследването на успехите. Те често се състезават рамо до рамо, подкрепяйки се взаимно и мотивирайки се да надминат собствените си постижения. Списъкът с техните награди е впечатляващ и включва купи и медали от различни шампионати и турнири. Независимо дали става въпрос за състезания на писта или офроуд надпревари, Илиан и Ивайло показват, че могат да се справят с всяко предизвикателство, което моторният спорт им предлага. Успехите на братята Денишеви не само ги утвърдиха като едни от най-талантливите състезатели в страната, но и им спечелиха уважението и възхищението на техните колеги и фенове. Със своите умения, решителност и любов към моторните спортове, Илиан и Ивайло продължават да вдъхновяват новото поколение състезатели и да доказват, че с упорит труд и страст могат да се постигнат големи успехи.',
     'Любителите на скоростите - Илиан и Ивайло Денишеви'),
    (10, 'Кирил Георгиев е изгряваща звезда във футбола и важна фигура в петричкия клуб „Беласица“, където се изявява като вратар. Със своите бързи рефлекси, отлична техника и непоколебимост пред противниковите удари, Кирил се е утвърдил като ключов играч в отбора. От ранна възраст, Кирил показва изключителен интерес и талант към футбола, а позицията на вратар се превръща в негово призвание. С времето той усъвършенства уменията си и днес е известен със способността си да предвижда движенията на съперниците и да реагира мигновено на всяка опасност пред вратата. Тези качества го правят незаменим страж за „Беласица“, като често е решаващ фактор в мачовете на отбора. Под ръководството на треньорския щаб на „Беласица“, Кирил продължава да се развива и да надгражда своите способности. Неговата дисциплина и професионализъм са пример за останалите съотборници и вдъхновяват младите играчи в клуба. Във всяка среща той излиза на терена с решителност и увереност, защитавайки цветовете на „Беласица“ с гордост. Кирил Георгиев не само се отличава с физическа подготовка и умения, но и със своята отдаденост към играта. Той е любимец на феновете, които оценяват неговата смелост и борбен дух. Всяко спасяване на труден удар, всяка победа и всяка извоювана точка са резултат от неговата страст към футбола и желанието му да вижда „Беласица“ на върха.',
     'Кирил Георгиев - великият вратар'),
    (11, 'Георги Георгиев, макар и само на 5 години, вече привлича вниманието с изключителния си талант на футболното игрище. Въпреки крехката си възраст, Георги демонстрира умения, които впечатляват и вдъхновяват всички около него. С всеотдайност и ентусиазъм, той се включва във всяка тренировка и игра, показвайки забележителен усет към играта. От първия момент, когато стъпва на терена, Георги показва необикновена координация и бързина, които далеч надхвърлят очакванията за неговата възраст. Той владее топката с увереност и демонстрира инстинктивно разбиране за позициониране и движение по терена. Често успява да надхитри своите връстници с ловки финтове и прецизни удари към вратата, което не остава незабелязано от треньорите и родителите. Освен с физическите си умения, Георги впечатлява и с голямото си желание да учи и да се усъвършенства. Той с нетърпение очаква всяка тренировка и се стреми да прилага новите техники и съвети, които получава. Неговата страст към футбола е очевидна и заразителна, вдъхновявайки както съотборниците му, така и по-възрастните играчи. Въпреки че е само на 5 години, Георги вече мечтае за големи успехи във футбола. С подкрепата на семейството и треньорите си, той има всички шансове да се превърне в изключителен футболист в бъдеще. Неговият талант, съчетан с любовта му към играта, обещава светло бъдеще на малкия Георги Георгиев, който вече е на път да остави своя отпечатък в света на футбола.',
     'Георги Георгиев - малкото юначе на спорта');

INSERT INTO images(id, url, achievement_id) VALUES
    (1, 'апостол и стоян (1).jpg', 1),
    (2, 'апостол и стоян (2).jpg', 1),
    (3, 'апостол и стоян (3).jpg', 1),
    (4, 'Георги Денишев (2) - Copy.jpg', 2),
    (5, 'Георги Денишев (1) - Copy.jpg', 2),
    (6, 'Георги Денишев (4) - Copy.jpg', 2),
    (7, 'Борис Костов (3).jpg', 3),
    (8, 'Борис Костов (2).jpg', 3),
    (9, 'Борис Костов (1).jpg', 3),
    (10, 'Розали Денишева.jpg', 4),
    (11, 'Дарин Петков (1).jpg', 5),
    (12, 'Дарин Петков (2).jpg', 5),
    (13, 'Ивайла Бухлева (1).jpg', 6),
    (14, 'Ивайла Бухлева (2).jpg', 6),
    (15, 'Ани Паункова (2).jpg', 7),
    (16, 'Ани Паункова (1).jpg', 7),
    (17, 'Ани Паункова (3).jpg', 7),
    (18, 'Ванеса (3).jpg', 8),
    (19, 'Ванеса (2).jpg', 8),
    (20, 'Ванеса (1).jpg', 8),
    (21, 'Илиан и Ивайло (1).jpg', 9),
    (22, 'Илиан и Ивайло (2).jpg', 9),
    (23, 'Илиан и Ивайло (3).jpg', 9),
    (24, 'Кирил георгиев (1).jpg', 10),
    (25, 'Кирил георгиев (2).jpg', 10),
    (26, 'Георги Георгиев (2).jpg', 11),
    (27, 'Георги Георгиев (1).jpg', 11),
    (28, 'Георги Георгиев (3).jpg', 11);